Workbook

Sheet 使い方
B2: 在庫管理表テンプレート｜使い方
B3: 株式会社興栄コンサルタント（https://koei-con-dx.jp/）
B5: このテンプレートでできること
B6: ・商品ごとの「現在庫」が、入出庫を記録するだけで自動で計算されます
B7: ・在庫が発注点を下回ると、行が自動で赤くなります
B8: ・棚卸のときは「棚卸表」に実数を入れるだけで、帳簿との差異が出ます
B10: 使う順番
B11: ① ［在庫管理表］に、扱う商品を登録します（商品コード・商品名・単位・発注点）
B12: 商品コードは重複しないように付けてください。例：A-001、B-012 など
B13: ② ［入出庫記録］に、入ってきた数・出ていった数を1行ずつ追記します
B14: 商品コードはドロップダウンから選べます（①で登録したものが出ます）
B15: ③ ［在庫管理表］の「現在庫」は②から自動計算されます。手で入力しないでください
... B30: ご利用により生じた損害について、当社は責任を負いかねます。

Sheet 在庫管理表
B2: 在庫管理表
B3: 黄色のセルに入力してください。「入庫計・出庫計・現在庫」は［入出庫記録］から自動計算されます。
B5: 商品コード | C5: 商品名 | D5: 単位 | E5: 保管場所 | F5: 発注点 | G5: 入庫計 | H5: 出庫計 | I5: 現在庫 | J5: 判定
B6: A-001 | C6: ステンレスボルト M8×30 | D6: 本 | E6: 資材倉庫A | F6: 100 | G6: =IF($B6="","",SUMIFS(入出庫記録!$E:$E,入出庫記録!$C:$C,$B6,入出庫記録!$D:$D,"入庫")) | H6: =IF($B6="","",SUMIFS(入出庫記録!$E:$E,入出庫記録!$C:$C,$B6,入出庫記録!$D:$D,"出庫")) | I6: =IF($B6="","",G6-H6) | J6: =IF($B6="","",IF(I6<=$F6,"発注","OK"))
B7: A-002 | C7: ステンレスナット M8 | D7: 本 | E7: 資材倉庫A | F7: 100 | G7: =IF($B7="","",SUMIFS(入出庫記録!$E:$E,入出庫記録!$C:$C,$B7,入出庫記録!$D:$D,"入庫")) | H7: =IF($B7="","",SUMIFS(入出庫記録!$E:$E,入出庫記録!$C:$C,$B7,入出庫記録!$D:$D,"出庫")) | I7: =IF($B7="","",G7-H7) | J7: =IF($B7="","",IF(I7<=$F7,"発注","OK"))
B8: B-001 | C8: 養生テープ 50mm | D8: 巻 | E8: 資材倉庫B | F8: 20 | G8: =IF($B8="","",SUMIFS(入出庫記録!$E:$E,入出庫記録!$C:$C,$B8,入出庫記録!$D:$D,"入庫")) | H8: =IF($B8="","",SUMIFS(入出庫記録!$E:$E,入出庫記録!$C:$C,$B8,入出庫記録!$D:$D,"出庫")) | I8: =IF($B8="","",G8-H8) | J8: =IF($B8="","",IF(I8<=$F8,"発注","OK"))
B9: B-002 | C9: 軍手 Lサイズ | D9: 双 | E9: 資材倉庫B | F9: 30 | G9: =IF($B9="","",SUMIFS(入出庫記録!$E:$E,入出庫記録!$C:$C,$B9,入出庫記録!$D:$D,"入庫")) | H9: =IF($B9="","",SUMIFS(入出庫記録!$E:$E,入出庫記録!$C:$C,$B9,入出庫記録!$D:$D,"出庫")) | I9: =IF($B9="","",G9-H9) | J9: =IF($B9="","",IF(I9<=$F9,"発注","OK"))
B10: C-001 | C10: コーキング剤 ホワイト | D10: 本 | E10: 資材倉庫A | F10: 10 | G10: =IF($B10="","",SUMIFS(入出庫記録!$E:$E,入出庫記録!$C:$C,$B10,入出庫記録!$D:$D,"入庫")) | H10: =IF($B10="","",SUMIFS(入出庫記録!$E:$E,入出庫記録!$C:$C,$B10,入出庫記録!$D:$D,"出庫")) | I10: =IF($B10="","",G10-H10) | J10: =IF($B10="","",IF(I10<=$F10,"発注","OK"))
G11: =IF($B11="","",SUMIFS(入出庫記録!$E:$E,入出庫記録!$C:$C,$B11,入出庫記録!$D:$D,"入庫")) | H11: =IF($B11="","",SUMIFS(入出庫記録!$E:$E,入出庫記録!$C:$C,$B11,入出庫記録!$D:$D,"出庫")) | I11: =IF($B11="","",G11-H11) | J11: =IF($B11="","",IF(I11<=$F11,"発注","OK"))
G12: =IF($B12="","",SUMIFS(入出庫記録!$E:$E,入出庫記録!$C:$C,$B12,入出庫記録!$D:$D,"入庫")) | H12: =IF($B12="","",SUMIFS(入出庫記録!$E:$E,入出庫記録!$C:$C,$B12,入出庫記録!$D:$D,"出庫")) | I12: =IF($B12="","",G12-H12) | J12: =IF($B12="","",IF(I12<=$F12,"発注","OK"))
G13: =IF($B13="","",SUMIFS(入出庫記録!$E:$E,入出庫記録!$C:$C,$B13,入出庫記録!$D:$D,"入庫")) | H13: =IF($B13="","",SUMIFS(入出庫記録!$E:$E,入出庫記録!$C:$C,$B13,入出庫記録!$D:$D,"出庫")) | I13: =IF($B13="","",G13-H13) | J13: =IF($B13="","",IF(I13<=$F13,"発注","OK"))
G14: =IF($B14="","",SUMIFS(入出庫記録!$E:$E,入出庫記録!$C:$C,$B14,入出庫記録!$D:$D,"入庫")) | H14: =IF($B14="","",SUMIFS(入出庫記録!$E:$E,入出庫記録!$C:$C,$B14,入出庫記録!$D:$D,"出庫")) | I14: =IF($B14="","",G14-H14) | J14: =IF($B14="","",IF(I14<=$F14,"発注","OK"))
G15: =IF($B15="","",SUMIFS(入出庫記録!$E:$E,入出庫記録!$C:$C,$B15,入出庫記録!$D:$D,"入庫")) | H15: =IF($B15="","",SUMIFS(入出庫記録!$E:$E,入出庫記録!$C:$C,$B15,入出庫記録!$D:$D,"出庫")) | I15: =IF($B15="","",G15-H15) | J15: =IF($B15="","",IF(I15<=$F15,"発注","OK"))
G16: =IF($B16="","",SUMIFS(入出庫記録!$E:$E,入出庫記録!$C:$C,$B16,入出庫記録!$D:$D,"入庫")) | H16: =IF($B16="","",SUMIFS(入出庫記録!$E:$E,入出庫記録!$C:$C,$B16,入出庫記録!$D:$D,"出庫")) | I16: =IF($B16="","",G16-H16) | J16: =IF($B16="","",IF(I16<=$F16,"発注","OK"))
G17: =IF($B17="","",SUMIFS(入出庫記録!$E:$E,入出庫記録!$C:$C,$B17,入出庫記録!$D:$D,"入庫")) | H17: =IF($B17="","",SUMIFS(入出庫記録!$E:$E,入出庫記録!$C:$C,$B17,入出庫記録!$D:$D,"出庫")) | I17: =IF($B17="","",G17-H17) | J17: =IF($B17="","",IF(I17<=$F17,"発注","OK"))
G18: =IF($B18="","",SUMIFS(入出庫記録!$E:$E,入出庫記録!$C:$C,$B18,入出庫記録!$D:$D,"入庫")) | H18: =IF($B18="","",SUMIFS(入出庫記録!$E:$E,入出庫記録!$C:$C,$B18,入出庫記録!$D:$D,"出庫")) | I18: =IF($B18="","",G18-H18) | J18: =IF($B18="","",IF(I18<=$F18,"発注","OK"))
G19: =IF($B19="","",SUMIFS(入出庫記録!$E:$E,入出庫記録!$C:$C,$B19,入出庫記録!$D:$D,"入庫")) | H19: =IF($B19="","",SUMIFS(入出庫記録!$E:$E,入出庫記録!$C:$C,$B19,入出庫記録!$D:$D,"出庫")) | I19: =IF($B19="","",G19-H19) | J19: =IF($B19="","",IF(I19<=$F19,"発注","OK"))
G20: =IF($B20="","",SUMIFS(入出庫記録!$E:$E,入出庫記録!$C:$C,$B20,入出庫記録!$D:$D,"入庫")) | H20: =IF($B20="","",SUMIFS(入出庫記録!$E:$E,入出庫記録!$C:$C,$B20,入出庫記録!$D:$D,"出庫")) | I20: =IF($B20="","",G20-H20) | J20: =IF($B20="","",IF(I20<=$F20,"発注","OK"))
G21: =IF($B21="","",SUMIFS(入出庫記録!$E:$E,入出庫記録!$C:$C,$B21,入出庫記録!$D:$D,"入庫")) | H21: =IF($B21="","",SUMIFS(入出庫記録!$E:$E,入出庫記録!$C:$C,$B21,入出庫記録!$D:$D,"出庫")) | I21: =IF($B21="","",G21-H21) | J21: =IF($B21="","",IF(I21<=$F21,"発注","OK"))
G22: =IF($B22="","",SUMIFS(入出庫記録!$E:$E,入出庫記録!$C:$C,$B22,入出庫記録!$D:$D,"入庫")) | H22: =IF($B22="","",SUMIFS(入出庫記録!$E:$E,入出庫記録!$C:$C,$B22,入出庫記録!$D:$D,"出庫")) | I22: =IF($B22="","",G22-H22) | J22: =IF($B22="","",IF(I22<=$F22,"発注","OK"))
... G104: =IF($B104="","",SUMIFS(入出庫記録!$E:$E,入出庫記録!$C:$C,$B104,入出庫記録!$D:$D,"入庫")) | H104: =IF($B104="","",SUMIFS(入出庫記録!$E:$E,入出庫記録!$C:$C,$B104,入出庫記録!$D:$D,"出庫")) | I104: =IF($B104="","",G104-H104) | J104: =IF($B104="","",IF(I104<=$F104,"発注","OK"))

Sheet 入出庫記録
B2: 入出庫記録
B3: 入ってきた数・出ていった数を1行ずつ追記してください。商品コードはドロップダウンから選べます。
B5: 日付 | C5: 商品コード | D5: 区分 | E5: 数量 | F5: 担当者 | G5: 備考
B6: 2026-10-01 | C6: A-001 | D6: 入庫 | E6: 500 | F6: 山田 | G6: 仕入先A より納品
B7: 2026-10-01 | C7: B-001 | D7: 入庫 | E7: 50 | F7: 山田
B8: 2026-10-02 | C8: A-001 | D8: 出庫 | E8: 120 | F8: 佐藤 | G8: 〇〇邸 新築工事
B9: 2026-10-02 | C9: B-002 | D9: 出庫 | E9: 10 | F9: 佐藤

Sheet 棚卸表
B2: 棚卸表
B3: 「実棚数」に実際に数えた数を入れてください。帳簿在庫との差異が自動で出ます。
B5: 商品コード | C5: 商品名 | D5: 単位 | E5: 帳簿在庫 | F5: 実棚数 | G5: 差異 | H5: 原因・メモ
B6: =IF(在庫管理表!$B6="","",在庫管理表!$B6) | C6: =IF(在庫管理表!$C6="","",在庫管理表!$C6) | D6: =IF(在庫管理表!$D6="","",在庫管理表!$D6) | E6: =IF(在庫管理表!$B6="","",在庫管理表!$I6) | G6: =IF(OR($B6="",$F6=""),"",$F6-$E6)
B7: =IF(在庫管理表!$B7="","",在庫管理表!$B7) | C7: =IF(在庫管理表!$C7="","",在庫管理表!$C7) | D7: =IF(在庫管理表!$D7="","",在庫管理表!$D7) | E7: =IF(在庫管理表!$B7="","",在庫管理表!$I7) | G7: =IF(OR($B7="",$F7=""),"",$F7-$E7)
B8: =IF(在庫管理表!$B8="","",在庫管理表!$B8) | C8: =IF(在庫管理表!$C8="","",在庫管理表!$C8) | D8: =IF(在庫管理表!$D8="","",在庫管理表!$D8) | E8: =IF(在庫管理表!$B8="","",在庫管理表!$I8) | G8: =IF(OR($B8="",$F8=""),"",$F8-$E8)
B9: =IF(在庫管理表!$B9="","",在庫管理表!$B9) | C9: =IF(在庫管理表!$C9="","",在庫管理表!$C9) | D9: =IF(在庫管理表!$D9="","",在庫管理表!$D9) | E9: =IF(在庫管理表!$B9="","",在庫管理表!$I9) | G9: =IF(OR($B9="",$F9=""),"",$F9-$E9)
B10: =IF(在庫管理表!$B10="","",在庫管理表!$B10) | C10: =IF(在庫管理表!$C10="","",在庫管理表!$C10) | D10: =IF(在庫管理表!$D10="","",在庫管理表!$D10) | E10: =IF(在庫管理表!$B10="","",在庫管理表!$I10) | G10: =IF(OR($B10="",$F10=""),"",$F10-$E10)
B11: =IF(在庫管理表!$B11="","",在庫管理表!$B11) | C11: =IF(在庫管理表!$C11="","",在庫管理表!$C11) | D11: =IF(在庫管理表!$D11="","",在庫管理表!$D11) | E11: =IF(在庫管理表!$B11="","",在庫管理表!$I11) | G11: =IF(OR($B11="",$F11=""),"",$F11-$E11)
B12: =IF(在庫管理表!$B12="","",在庫管理表!$B12) | C12: =IF(在庫管理表!$C12="","",在庫管理表!$C12) | D12: =IF(在庫管理表!$D12="","",在庫管理表!$D12) | E12: =IF(在庫管理表!$B12="","",在庫管理表!$I12) | G12: =IF(OR($B12="",$F12=""),"",$F12-$E12)
B13: =IF(在庫管理表!$B13="","",在庫管理表!$B13) | C13: =IF(在庫管理表!$C13="","",在庫管理表!$C13) | D13: =IF(在庫管理表!$D13="","",在庫管理表!$D13) | E13: =IF(在庫管理表!$B13="","",在庫管理表!$I13) | G13: =IF(OR($B13="",$F13=""),"",$F13-$E13)
B14: =IF(在庫管理表!$B14="","",在庫管理表!$B14) | C14: =IF(在庫管理表!$C14="","",在庫管理表!$C14) | D14: =IF(在庫管理表!$D14="","",在庫管理表!$D14) | E14: =IF(在庫管理表!$B14="","",在庫管理表!$I14) | G14: =IF(OR($B14="",$F14=""),"",$F14-$E14)
B15: =IF(在庫管理表!$B15="","",在庫管理表!$B15) | C15: =IF(在庫管理表!$C15="","",在庫管理表!$C15) | D15: =IF(在庫管理表!$D15="","",在庫管理表!$D15) | E15: =IF(在庫管理表!$B15="","",在庫管理表!$I15) | G15: =IF(OR($B15="",$F15=""),"",$F15-$E15)
B16: =IF(在庫管理表!$B16="","",在庫管理表!$B16) | C16: =IF(在庫管理表!$C16="","",在庫管理表!$C16) | D16: =IF(在庫管理表!$D16="","",在庫管理表!$D16) | E16: =IF(在庫管理表!$B16="","",在庫管理表!$I16) | G16: =IF(OR($B16="",$F16=""),"",$F16-$E16)
B17: =IF(在庫管理表!$B17="","",在庫管理表!$B17) | C17: =IF(在庫管理表!$C17="","",在庫管理表!$C17) | D17: =IF(在庫管理表!$D17="","",在庫管理表!$D17) | E17: =IF(在庫管理表!$B17="","",在庫管理表!$I17) | G17: =IF(OR($B17="",$F17=""),"",$F17-$E17)
... B104: =IF(在庫管理表!$B104="","",在庫管理表!$B104) | C104: =IF(在庫管理表!$C104="","",在庫管理表!$C104) | D104: =IF(在庫管理表!$D104="","",在庫管理表!$D104) | E104: =IF(在庫管理表!$B104="","",在庫管理表!$I104) | G104: =IF(OR($B104="",$F104=""),"",$F104-$E104)
